{"_runtime":10.824969,"_step":19,"_wandb":{"runtime":14},"loss":0.00043561504571698606,"_timestamp":1.741641906429739e+09}